-- Active: 1750388003714@@127.0.0.1@3306@aloha

INSERT INTO hospital_info (hospital_id, name, address, homepage, phone, email, created_at) VALUES (1, '러브펫 동물병원', '서울시 강남구 테헤란로 3', 'https://hospital1.com', '02-1234-1001', 'contact1@hospital.com', '2025-06-27 01:10:29');
INSERT INTO hospital_info (hospital_id, name, address, homepage, phone, email, created_at) VALUES (2, '아크리스 동물병원', '서울시 강남구 테헤란로 6', 'https://hospital2.com', '02-1234-1002', 'contact2@hospital.com', '2025-05-27 01:10:29');
INSERT INTO hospital_info (hospital_id, name, address, homepage, phone, email, created_at) VALUES (3, '닥터펫 동물병원', '서울시 강남구 테헤란로 9', 'https://hospital3.com', '02-1234-1003', 'contact3@hospital.com', '2025-04-24 01:10:29');
INSERT INTO hospital_info (hospital_id, name, address, homepage, phone, email, created_at) VALUES (4, '러브펫 동물병원', '서울시 강남구 테헤란로 12', 'https://hospital4.com', '02-1234-1004', 'contact4@hospital.com', '2025-04-23 01:10:29');
INSERT INTO hospital_info (hospital_id, name, address, homepage, phone, email, created_at) VALUES (5, '아크리스 동물병원', '서울시 강남구 테헤란로 15', 'https://hospital5.com', '02-1234-1005', 'contact5@hospital.com', '2025-05-10 01:10:29');
INSERT INTO hospital_info (hospital_id, name, address, homepage, phone, email, created_at) VALUES (6, '더베스트 동물병원', '서울시 강남구 테헤란로 18', 'https://hospital6.com', '02-1234-1006', 'contact6@hospital.com', '2025-05-22 01:10:29');
INSERT INTO hospital_info (hospital_id, name, address, homepage, phone, email, created_at) VALUES (7, '아크리스 동물병원', '서울시 강남구 테헤란로 21', 'https://hospital7.com', '02-1234-1007', 'contact7@hospital.com', '2025-05-31 01:10:29');
INSERT INTO hospital_info (hospital_id, name, address, homepage, phone, email, created_at) VALUES (8, '아크리스 동물병원', '서울시 강남구 테헤란로 24', 'https://hospital8.com', '02-1234-1008', 'contact8@hospital.com', '2025-06-04 01:10:29');
INSERT INTO hospital_info (hospital_id, name, address, homepage, phone, email, created_at) VALUES (9, '펫케어 동물병원', '서울시 강남구 테헤란로 27', 'https://hospital9.com', '02-1234-1009', 'contact9@hospital.com', '2025-05-18 01:10:29');
INSERT INTO hospital_info (hospital_id, name, address, homepage, phone, email, created_at) VALUES (10, '메디펫 동물병원', '서울시 강남구 테헤란로 30', 'https://hospital10.com', '02-1234-1010', 'contact10@hospital.com', '2025-05-31 01:10:29');
INSERT INTO hospital_info (hospital_id, name, address, homepage, phone, email, created_at) VALUES (11, '더베스트 동물병원', '서울시 강남구 테헤란로 33', 'https://hospital11.com', '02-1234-1011', 'contact11@hospital.com', '2025-05-07 01:10:29');
INSERT INTO hospital_info (hospital_id, name, address, homepage, phone, email, created_at) VALUES (12, '아크리스 동물병원', '서울시 강남구 테헤란로 36', 'https://hospital12.com', '02-1234-1012', 'contact12@hospital.com', '2025-04-18 01:10:29');
INSERT INTO hospital_info (hospital_id, name, address, homepage, phone, email, created_at) VALUES (13, '휴벳 동물병원', '서울시 강남구 테헤란로 39', 'https://hospital13.com', '02-1234-1013', 'contact13@hospital.com', '2025-06-17 01:10:29');
INSERT INTO hospital_info (hospital_id, name, address, homepage, phone, email, created_at) VALUES (14, '아크리스 동물병원', '서울시 강남구 테헤란로 42', 'https://hospital14.com', '02-1234-1014', 'contact14@hospital.com', '2025-06-21 01:10:29');
INSERT INTO hospital_info (hospital_id, name, address, homepage, phone, email, created_at) VALUES (15, '휴벳 동물병원', '서울시 강남구 테헤란로 45', 'https://hospital15.com', '02-1234-1015', 'contact15@hospital.com', '2025-06-05 01:10:29');
INSERT INTO hospital_info (hospital_id, name, address, homepage, phone, email, created_at) VALUES (16, '메디펫 동물병원', '서울시 강남구 테헤란로 48', 'https://hospital16.com', '02-1234-1016', 'contact16@hospital.com', '2025-03-31 01:10:29');
INSERT INTO hospital_info (hospital_id, name, address, homepage, phone, email, created_at) VALUES (17, '메디펫 동물병원', '서울시 강남구 테헤란로 51', 'https://hospital17.com', '02-1234-1017', 'contact17@hospital.com', '2025-06-13 01:10:29');
INSERT INTO hospital_info (hospital_id, name, address, homepage, phone, email, created_at) VALUES (18, '더베스트 동물병원', '서울시 강남구 테헤란로 54', 'https://hospital18.com', '02-1234-1018', 'contact18@hospital.com', '2025-04-11 01:10:29');
INSERT INTO hospital_info (hospital_id, name, address, homepage, phone, email, created_at) VALUES (19, '위드펫 동물병원', '서울시 강남구 테헤란로 57', 'https://hospital19.com', '02-1234-1019', 'contact19@hospital.com', '2025-04-19 01:10:29');
INSERT INTO hospital_info (hospital_id, name, address, homepage, phone, email, created_at) VALUES (20, '아크리스 동물병원', '서울시 강남구 테헤란로 60', 'https://hospital20.com', '02-1234-1020', 'contact20@hospital.com', '2025-06-25 01:10:29');
INSERT INTO hospital_info (hospital_id, name, address, homepage, phone, email, created_at) VALUES (21, '케어펫 동물병원', '서울시 강남구 테헤란로 63', 'https://hospital21.com', '02-1234-1021', 'contact21@hospital.com', '2025-04-02 01:10:29');
INSERT INTO hospital_info (hospital_id, name, address, homepage, phone, email, created_at) VALUES (22, '케어펫 동물병원', '서울시 강남구 테헤란로 66', 'https://hospital22.com', '02-1234-1022', 'contact22@hospital.com', '2025-04-21 01:10:29');
INSERT INTO hospital_info (hospital_id, name, address, homepage, phone, email, created_at) VALUES (23, '케어펫 동물병원', '서울시 강남구 테헤란로 69', 'https://hospital23.com', '02-1234-1023', 'contact23@hospital.com', '2025-06-26 01:10:29');
INSERT INTO hospital_info (hospital_id, name, address, homepage, phone, email, created_at) VALUES (24, '더베스트 동물병원', '서울시 강남구 테헤란로 72', 'https://hospital24.com', '02-1234-1024', 'contact24@hospital.com', '2025-03-30 01:10:29');
INSERT INTO hospital_info (hospital_id, name, address, homepage, phone, email, created_at) VALUES (25, '닥터펫 동물병원', '서울시 강남구 테헤란로 75', 'https://hospital25.com', '02-1234-1025', 'contact25@hospital.com', '2025-05-25 01:10:29');
INSERT INTO hospital_info (hospital_id, name, address, homepage, phone, email, created_at) VALUES (26, '펫케어 동물병원', '서울시 강남구 테헤란로 78', 'https://hospital26.com', '02-1234-1026', 'contact26@hospital.com', '2025-06-27 01:10:29');
INSERT INTO hospital_info (hospital_id, name, address, homepage, phone, email, created_at) VALUES (27, '러브펫 동물병원', '서울시 강남구 테헤란로 81', 'https://hospital27.com', '02-1234-1027', 'contact27@hospital.com', '2025-05-31 01:10:29');
INSERT INTO hospital_info (hospital_id, name, address, homepage, phone, email, created_at) VALUES (28, '케어펫 동물병원', '서울시 강남구 테헤란로 84', 'https://hospital28.com', '02-1234-1028', 'contact28@hospital.com', '2025-06-06 01:10:29');
INSERT INTO hospital_info (hospital_id, name, address, homepage, phone, email, created_at) VALUES (29, '더베스트 동물병원', '서울시 강남구 테헤란로 87', 'https://hospital29.com', '02-1234-1029', 'contact29@hospital.com', '2025-03-28 01:10:29');
INSERT INTO hospital_info (hospital_id, name, address, homepage, phone, email, created_at) VALUES (30, '휴벳 동물병원', '서울시 강남구 테헤란로 90', 'https://hospital30.com', '02-1234-1030', 'contact30@hospital.com', '2025-06-12 01:10:29');

INSERT INTO hospital_animal (hospital_id, animal_id) VALUES (27, 2);
INSERT INTO hospital_animal (hospital_id, animal_id) VALUES (17, 5);
INSERT INTO hospital_animal (hospital_id, animal_id) VALUES (12, 1);
INSERT INTO hospital_animal (hospital_id, animal_id) VALUES (8, 5);
INSERT INTO hospital_animal (hospital_id, animal_id) VALUES (6, 2);
INSERT INTO hospital_animal (hospital_id, animal_id) VALUES (25, 4);
INSERT INTO hospital_animal (hospital_id, animal_id) VALUES (9, 2);
INSERT INTO hospital_animal (hospital_id, animal_id) VALUES (28, 5);
INSERT INTO hospital_animal (hospital_id, animal_id) VALUES (3, 3);
INSERT INTO hospital_animal (hospital_id, animal_id) VALUES (7, 1);
INSERT INTO hospital_animal (hospital_id, animal_id) VALUES (15, 1);
INSERT INTO hospital_animal (hospital_id, animal_id) VALUES (12, 3);
INSERT INTO hospital_animal (hospital_id, animal_id) VALUES (22, 5);
INSERT INTO hospital_animal (hospital_id, animal_id) VALUES (21, 1);
INSERT INTO hospital_animal (hospital_id, animal_id) VALUES (7, 3);
INSERT INTO hospital_animal (hospital_id, animal_id) VALUES (28, 3);
INSERT INTO hospital_animal (hospital_id, animal_id) VALUES (29, 1);
INSERT INTO hospital_animal (hospital_id, animal_id) VALUES (5, 2);
INSERT INTO hospital_animal (hospital_id, animal_id) VALUES (1, 3);
INSERT INTO hospital_animal (hospital_id, animal_id) VALUES (27, 4);
INSERT INTO hospital_animal (hospital_id, animal_id) VALUES (10, 1);
INSERT INTO hospital_animal (hospital_id, animal_id) VALUES (26, 1);

INSERT INTO possible_animal (species) VALUES ('포유류'), ('파충류'), ('조류'), ('양서류'), ('설치류');
INSERT INTO specialty (category) VALUES ('내과'), ('외과'), ('치과'), ('안과'), ('영상의학과'), ('마취통증의학과'), ('중환자의학과');



INSERT INTO hospital_review (rating, content, hospital_id, user_id)
VALUES
(5, '정말 친절했어요!', 1, 1),
(4, '대기시간이 조금 길었지만 괜찮았어요.', 2, 2),
(3, '그럭저럭...', 3, 3),
(5, '믿고 맡깁니다.', 4, 4),
(2, '불친절했어요.', 5, 5),
(4, '다음에 또 올게요.', 6, 6),
(5, '의사 선생님이 너무 좋아요!', 7, 7),
(3, '시설은 낡았지만 실력은 좋음.', 8, 8),
(1, '별로였어요...', 9, 9),
(5, '우리 강아지가 건강해졌어요!', 10, 1);




INSERT INTO hospital_animal (hospital_id, animal_id)
VALUES
(1, 1), (1, 2), (1, 4),
(2, 1), (2, 3),
(3, 2), (3, 5),
(4, 1), (4, 6),
(5, 1), (5, 7),
(6, 8),
(7, 1), (7, 2),
(8, 1), (8, 3),
(9, 10),
(10, 1), (10, 9);
